# 3-month interbank rates, percent per annum, monthly averages.
# Source: OECD Main Economic Indicators via FRED, series IR3TIB01{CC}M156N.
#   USD=IR3TIB01USM156N  EUR=IR3TIB01EZM156N  GBP=IR3TIB01GBM156N
#   JPY=IR3TIB01JPM156N  AUD=IR3TIB01AUM156N  NZD=IR3TIB01NZM156N
#   CAD=IR3TIB01CAM156N  CHF=IR3TIB01CHM156N
# One row per currency, values in month order. Empty field = missing.
# Validated by research/exp7_rates_check.py before use.
START=2006-12
N=203
USD=5.32,5.32,5.31,5.30,5.31,5.31,5.33,5.32,5.49,5.46,5.08,4.97,5.02,3.84,3.06,2.79,2.85,2.66,2.76,2.79,2.79,3.59,4.32,2.36,1.77,1.02,1.16,1.07,0.89,0.57,0.39,0.35,0.30,0.25,0.24,0.21,0.22,0.20,0.19,0.23,0.30,0.45,0.52,0.41,0.32,0.28,0.27,0.27,0.30,0.29,0.28,0.28,0.23,0.21,0.22,0.24,0.29,0.33,0.37,0.41,0.49,0.40,0.30,0.29,0.29,0.29,0.32,0.30,0.26,0.24,0.23,0.23,0.24,0.23,0.22,0.21,0.20,0.20,0.19,0.14,0.12,0.11,0.12,0.12,0.14,0.12,0.13,0.12,0.12,0.11,0.11,0.13,0.13,0.12,0.12,0.13,0.15,0.16,0.15,0.14,0.13,0.15,0.18,0.19,0.26,0.27,0.25,0.30,0.54,0.57,0.54,0.55,0.55,0.57,0.55,0.62,0.73,0.75,0.72,0.71,0.87,0.90,0.87,0.98,1.03,1.05,1.16,1.22,1.25,1.25,1.26,1.32,1.54,1.63,1.78,2.08,2.20,2.16,2.19,2.17,2.19,2.24,2.37,2.56,2.69,2.59,2.49,2.48,2.47,2.44,2.30,2.22,2.06,2.03,1.88,1.77,1.76,1.65,1.59,1.35,,0.17,0.20,0.18,0.15,0.13,0.12,0.16,0.17,0.14,0.11,0.10,0.11,0.10,0.09,0.10,0.10,0.10,0.11,0.14,0.17,0.22,0.38,0.73,0.91,1.33,1.87,2.50,2.76,3.21,3.85,4.46,4.51,4.61,4.74,4.91,5.03,5.15,5.22,5.35,5.44,5.49,5.46
EUR=3.6842,3.7519,3.8182,3.8909,3.9753,4.0714,4.1478,4.2162,4.5436,4.7417,4.6874,4.6385,4.8484,4.4815,4.3621,4.5964,4.7835,4.8574,4.9405,4.9610,4.9652,5.0192,5.1131,4.2383,3.2926,2.4565,1.9430,1.6355,1.4223,1.2817,1.2279,0.9750,0.8605,0.7721,0.7375,0.7162,0.7120,0.6798,0.6617,0.6450,0.6447,0.6865,0.7276,0.8488,0.8955,0.8805,0.9977,1.0420,1.0217,1.0172,1.0868,1.1755,1.3212,1.4251,1.4886,1.5976,1.5521,1.5365,1.5759,1.4847,1.4261,1.2222,1.0483,0.8585,0.7443,0.6849,0.6589,0.4970,0.3324,0.2463,0.2079,0.1920,0.1855,0.2049,0.2234,0.2061,0.2089,0.2012,0.2103,0.2214,0.2259,0.2232,0.2258,0.2234,0.2735,0.2920,0.2881,0.3053,0.3298,0.3246,0.2414,0.2050,0.1916,0.0971,0.0826,0.0809,0.0809,0.0627,0.0482,0.0272,0.0047,-0.0104,-0.0139,-0.0187,-0.0277,-0.0370,-0.0536,-0.0876,-0.1263,-0.1462,-0.1836,-0.2285,-0.2492,-0.2572,-0.2679,-0.2945,-0.2982,-0.3016,-0.3090,-0.3127,-0.3158,-0.3255,-0.3286,-0.3293,-0.3304,-0.3295,-0.3300,-0.3304,-0.3291,-0.3294,-0.3295,-0.3290,-0.3279,-0.3285,-0.3285,-0.3279,-0.3285,-0.3252,-0.3220,-0.3207,-0.3190,-0.3189,-0.3177,-0.3164,-0.3119,-0.3080,-0.3085,-0.3092,-0.3105,-0.3119,-0.3289,-0.3649,-0.4077,-0.4176,-0.4129,-0.4013,-0.3947,-0.3911,-0.4089,-0.4166,-0.2541,-0.2720,-0.3760,-0.4441,-0.4797,-0.4914,-0.5091,-0.5209,-0.5381,-0.5472,-0.5411,-0.5391,-0.5382,-0.5401,-0.5429,-0.5448,-0.5476,-0.5450,-0.5498,-0.5674,-0.5820,-0.5601,-0.5315,-0.4954,-0.4479,-0.3857,-0.2392,0.0366,0.3947,1.0109,1.4277,1.8252,2.0635,2.3449,2.6404,2.9106,3.1670,3.3664,3.5359,3.6718,3.7803,3.8800,3.9676
GBP=5.2917,5.4862,5.5657,5.5495,5.6490,5.7674,5.8802,6.0240,6.4195,6.6469,6.2701,6.4086,6.3594,5.6597,5.6420,5.8993,5.9188,5.8264,5.9294,5.8322,5.7662,5.9106,6.1330,4.4468,3.1725,2.3428,2.0904,1.8314,1.5341,1.3580,1.2412,1.0011,0.7737,0.6056,0.5709,0.6094,0.6054,0.6127,0.6331,0.6455,0.6559,0.6971,0.7284,0.7360,0.7330,0.7286,0.7384,0.7390,0.7496,0.7687,0.7996,0.8091,0.8210,0.8234,0.8251,0.8289,0.8578,0.9181,0.9699,1.0118,1.0615,1.0871,1.0725,1.0376,1.0179,1.0050,0.9498,0.8174,0.7048,0.6480,0.5440,0.5245,0.5185,0.5123,0.5099,0.5069,0.5056,0.5056,0.5079,0.5094,0.5126,0.5169,0.5166,0.5234,0.5247,0.5209,0.5215,0.5216,0.5267,0.5274,0.5439,0.5564,0.5612,0.5629,0.5584,0.5563,0.5582,0.5626,0.5636,0.5644,0.5695,0.5680,0.5719,0.5808,0.5867,0.5858,0.5801,0.5737,0.5828,0.5898,0.5907,0.5883,0.5889,0.5893,0.5747,0.5136,0.4061,0.3791,0.3975,0.3977,0.3723,0.3621,0.3567,0.3457,0.3351,0.3108,0.2944,0.2931,0.2812,0.3091,0.3819,0.5186,0.5187,0.5225,0.5468,0.6284,0.7563,0.6436,0.6387,0.7462,0.8052,0.8009,0.8062,0.8748,0.9044,0.9182,0.8760,0.8400,0.8200,0.8000,0.7800,0.7700,0.7600,0.7700,0.7800,0.7900,0.7900,0.7400,0.7500,0.5300,0.6500,0.3300,0.1900,0.1000,0.0700,0.0600,0.0500,0.0400,0.0300,0.0300,0.0500,0.0800,0.0900,0.0800,0.0800,0.0800,0.0700,0.0700,0.1600,0.1300,0.1600,0.5300,0.8100,0.9900,1.1300,1.3100,1.5700,1.8400,2.2300,2.9100,3.3900,3.5200,3.7800,4.0100,4.2100,4.3300,4.5200,4.7300,5.0900,5.4900,5.5300,5.5200,5.4000
JPY=0.540,0.540,0.660,0.660,0.650,0.670,0.730,0.770,0.840,0.850,0.850,0.870,0.860,0.850,0.850,0.840,0.840,0.840,0.860,0.850,0.850,0.870,0.890,0.880,0.740,0.720,0.710,0.650,0.600,0.570,0.560,0.550,0.540,0.540,0.530,0.510,0.460,0.450,0.440,0.430,0.400,0.390,0.380,0.370,0.360,0.360,0.340,0.340,0.340,0.340,0.340,0.3362,0.3329,0.3321,0.3321,0.3321,0.3286,0.3293,0.3293,0.3293,0.3293,0.3308,0.3317,0.3317,0.3317,0.3317,0.3346,0.3273,0.3273,0.3273,0.3264,0.3182,0.3082,0.2918,0.2691,0.2500,0.2282,0.2282,0.2282,0.2280,0.2280,0.2280,0.2210,0.2200,0.2200,0.2200,0.2120,0.2120,0.2120,0.2100,0.2100,0.2100,0.2100,0.2100,0.1920,0.1820,0.1790,0.1730,0.1710,0.1700,0.1700,0.1690,0.1690,0.1690,0.1690,0.1690,0.1690,0.1690,0.1690,0.1690,0.0980,0.0980,0.0600,0.0600,0.0590,0.0580,0.0580,0.0560,0.0560,0.0560,0.0560,0.0560,0.0560,0.0560,0.0560,0.0560,0.0560,0.0750,0.0560,0.0560,0.0630,0.0630,0.0630,0.0680,0.0680,0.0970,0.0970,0.0780,0.0780,0.0910,0.0910,0.0500,0.0500,0.0500,0.0500,0.0300,0.0300,0.0500,0.0500,0.0490,0.0490,0.0490,0.0090,0.0090,0.0090,0.0180,0.0210,0.0210,0.0210,0.0060,-0.0390,-0.0420,-0.0420,-0.0650,-0.0650,-0.0550,-0.0550,-0.0550,-0.0550,-0.0550,-0.0550,-0.0650,-0.0650,-0.0650,-0.0720,-0.0720,-0.0720,-0.0720,-0.0720,-0.0720,-0.0490,-0.0490,-0.0490,-0.0490,-0.0490,-0.0490,0.0050,-0.0310,-0.0200,-0.0160,-0.0160,-0.0160,-0.0150,-0.0060,0.0010,-0.0080,-0.0010,-0.0190,-0.0030,-0.0030,-0.0030,0.0240,-0.0120
AUD=6.39,6.43,6.37,6.43,6.48,6.37,6.42,6.47,6.75,6.94,6.91,7.15,7.29,7.18,7.69,7.90,7.84,7.75,7.81,7.75,7.31,7.27,6.03,4.76,4.39,3.74,3.16,3.16,3.10,3.13,3.25,3.14,3.30,3.37,3.78,3.95,4.1290,4.2025,4.1600,4.3275,4.5450,4.8050,4.8875,4.8400,4.7425,4.8150,4.8100,5.0150,5.0250,4.9550,4.9175,4.9200,4.9000,5.0025,4.9925,4.9550,4.8575,4.8100,4.7250,4.6225,4.5075,4.4100,4.3700,4.4425,4.2025,3.6550,3.4925,3.5450,3.6175,3.4900,3.1625,3.2425,3.1125,3.00,2.94,3.05,3.02,2.82,2.80,2.76,2.60,2.58,2.58,2.58,2.60,2.62,2.63,2.65,2.68,2.69,2.70,2.65,2.63,2.66,2.72,2.75,2.75,2.70,2.36,2.30,2.25,2.15,2.15,2.14,2.14,2.17,2.15,2.22,2.34,2.30,2.28,2.31,2.26,2.00,1.99,1.93,1.76,1.73,1.74,1.76,1.78,1.78,1.78,1.79,1.77,1.73,1.72,1.70,1.70,1.72,1.70,1.72,1.77,1.79,1.77,1.93,2.06,1.96,2.07,2.02,1.96,1.93,1.93,1.94,2.02,2.07,1.96,1.83,1.68,1.54,1.29,1.11,0.98,0.98,0.88,0.91,0.90,0.89,0.89,0.53,0.17,0.10,0.10,0.10,0.10,0.09,0.07,0.02,0.02,0.01,0.01,0.03,0.04,0.04,0.03,0.02,0.01,0.01,0.04,0.04,0.06,0.07,0.07,0.17,0.41,1.00,1.60,2.07,2.31,2.76,2.95,3.06,3.17,3.32,3.46,3.64,3.66,3.90,4.25,4.30,4.15,4.13,4.21
NZD=7.66,7.70,7.75,7.88,7.98,8.09,8.32,8.44,8.72,8.81,8.68,8.73,8.90,8.75,8.82,8.91,8.87,8.71,8.68,8.46,8.20,7.95,7.43,6.25,5.23,4.38,3.40,3.24,3.12,2.82,2.78,2.79,2.76,2.77,2.79,2.80,2.78,2.78,2.73,2.67,2.69,2.89,3.07,3.23,3.25,3.18,3.18,3.17,3.17,3.19,3.13,2.69,2.65,2.66,2.65,2.71,2.90,2.88,2.76,2.69,2.69,2.74,2.75,2.74,2.74,2.59,2.61,2.67,2.64,2.64,2.65,2.64,2.65,2.66,2.66,2.64,2.65,2.64,2.64,2.64,2.64,2.65,2.67,2.66,2.73,2.88,2.93,3.05,3.24,3.38,3.52,3.67,3.69,3.71,3.68,3.67,3.67,3.67,3.63,3.63,3.63,3.53,3.33,3.13,2.95,2.85,2.86,2.89,2.79,2.73,2.62,2.43,2.34,2.38,2.37,2.37,2.24,2.23,2.15,2.07,2.03,1.98,2.02,1.98,1.97,1.98,1.95,1.96,1.95,1.95,1.94,1.93,1.88,1.88,1.91,1.93,2.01,2.01,2.01,1.94,1.90,1.90,1.89,1.98,1.98,1.91,1.90,1.88,1.81,1.72,1.60,1.55,1.25,1.15,1.05,1.18,1.22,1.27,1.18,0.71,0.39,0.26,0.28,0.30,0.29,0.30,0.27,0.27,0.26,0.28,0.28,0.33,0.34,0.35,0.33,0.40,0.54,0.57,0.70,0.83,0.91,1.03,1.21,1.49,1.81,2.22,2.68,3.03,3.31,3.64,4.00,4.24,4.53,4.81,5.01,5.15,5.49,5.67,5.68,5.67,5.64,5.68,5.68
CAD=4.1600,4.1560,4.1800,4.1675,4.1625,4.1900,4.3600,4.4975,4.2620,3.9975,3.9360,3.9625,3.8325,3.5820,3.2650,2.1850,2.4040,2.6500,2.6125,2.3680,2.4700,2.1175,1.5560,1.7825,1.0500,0.8025,0.7275,0.4075,0.3240,0.1800,0.2250,0.2340,0.2300,0.2200,0.2150,0.2150,0.1980,0.1725,0.1650,0.2280,0.3375,0.3900,0.5220,0.5750,0.6600,0.8500,0.8950,0.9525,0.9940,0.9625,0.9525,0.9260,0.9650,0.9625,0.9280,0.9225,0.8740,0.8725,0.8625,0.8820,0.8300,0.8250,0.9180,0.9150,0.9825,0.9880,0.8825,0.8875,1.0020,1.0075,0.9760,0.9700,0.9450,0.9200,0.9475,0.9625,0.9825,0.9980,1.0250,1.0120,0.9925,0.9875,0.9240,0.9250,0.9175,0.8940,0.8700,0.8425,0.9260,0.9250,0.9350,0.9480,0.9500,0.9275,0.8940,0.9025,0.9020,0.7650,0.5325,0.5525,0.6180,0.6575,0.6100,0.4700,0.3850,0.4000,0.4025,0.4525,0.4840,0.4350,0.4575,0.4600,0.5125,0.5075,0.5100,0.5000,0.5060,0.5050,0.4875,0.4800,0.4775,0.4500,0.4650,0.4980,0.5350,0.5120,0.5650,0.7300,0.7220,0.9800,0.9600,0.8800,0.9600,1.1640,1.1625,1.0950,1.1650,1.2460,1.2375,1.3750,1.4880,1.5175,1.6600,1.7125,1.6600,1.6340,1.6650,1.6600,1.6750,1.6780,1.6650,1.6540,1.6350,1.6275,1.6540,1.6625,1.6575,1.6460,1.6325,0.6725,0.2460,0.2350,0.1925,0.1800,0.1575,0.1420,0.1000,0.1075,0.1060,0.0575,0.0825,0.1060,0.0925,0.0975,0.1280,0.1675,0.1775,0.1320,0.1200,0.1175,0.0780,0.3050,0.3250,0.5660,1.0475,1.3675,1.8340,2.4450,2.9080,3.4200,3.7600,3.9880,4.1675,4.3250,4.4500,4.3880,4.3675,4.4780,4.8325,4.9350,5.0540,5.0375,5.0800
CHF=1.9084,2.0505,2.1113,2.1599,2.2239,2.3168,2.4437,2.6117,2.6067,2.4935,2.4567,2.2950,2.3443,2.2875,2.4175,2.2881,2.1812,2.0428,2.1437,2.2069,2.1834,2.1247,1.4108,0.7003,0.1075,0.0939,0.1100,0.1130,0.0902,0.0913,0.0871,0.0718,0.0738,0.0734,0.0850,0.1185,0.1156,0.0904,0.0987,0.0958,0.0879,0.0819,0.1177,0.1829,0.2066,0.2138,0.2479,0.1860,0.1914,0.1508,0.1395,0.1551,0.1395,0.1194,0.1021,0.0910,-0.0676,-0.0611,-0.0934,-0.0653,0.0800,0.0403,0.0179,0.0513,0.0137,-0.0155,-0.0573,-0.1734,-0.2072,-0.1507,-0.0634,-0.1450,-0.0513,-0.1081,-0.0634,-0.0596,-0.0647,-0.0588,-0.0602,-0.0558,-0.0607,-0.0511,0.0159,-0.0170,0.0174,-0.0433,-0.0480,-0.0400,-0.0292,-0.0316,-0.0124,0.0333,0.0380,0.0250,0.0400,0.0414,0.0402,-0.4167,-0.6750,-0.7888,-0.6854,-0.8154,-0.7676,-0.7443,-0.7813,-0.7562,-0.8450,-0.6808,-0.7402,-0.7459,-0.8886,-0.7742,-0.7469,-0.7654,-0.7186,-0.7700,-0.7500,-0.7500,-0.7500,-0.7600,-0.8000,-0.9300,-0.8038,-0.8150,-0.7901,-0.8977,-0.7750,-0.8058,-0.8150,-0.8452,-0.9252,-0.9066,-0.8643,-0.8715,-0.8716,-0.7952,-0.8002,-0.7862,-0.7905,-0.7804,-0.7773,-0.7803,-0.8311,-0.8150,-0.7760,-0.8135,-0.7686,-0.7566,-0.7475,-0.7753,-0.7806,-0.8400,-0.8075,-0.7913,-0.7566,-0.7056,-0.7367,-0.7488,-0.7164,-0.6750,-0.6246,-0.6633,-0.6658,-0.6907,-0.7068,-0.7087,-0.6982,-0.7300,-0.7427,-0.7298,-0.7324,-0.7300,-0.7285,-0.7352,-0.7377,-0.7361,-0.7382,-0.8200,-0.7267,-0.6940,-0.7175,-0.7142,-0.6848,-0.6822,-0.6725,-0.6850,-0.5086,-0.1100,-0.0245,0.1475,0.5288,0.5400,0.7363,0.9869,1.0000,1.3638,1.4500,1.4500,1.5905,1.7200,1.7673,1.7700,1.7700
