month,USD,EUR,GBP,JPY,AUD,NZD,CAD,CHF
2020-01,1.75,-0.50,0.75,-0.10,0.75,1.00,1.75,-0.75
2020-02,1.75,-0.50,0.75,-0.10,0.75,1.00,1.75,-0.75
2020-03,0.25,-0.50,0.10,-0.10,0.25,0.25,0.25,-0.75
2020-04,0.25,-0.50,0.10,-0.10,0.25,0.25,0.25,-0.75
2020-05,0.25,-0.50,0.10,-0.10,0.25,0.25,0.25,-0.75
2020-06,0.25,-0.50,0.10,-0.10,0.25,0.25,0.25,-0.75
2020-07,0.25,-0.50,0.10,-0.10,0.25,0.25,0.25,-0.75
2020-08,0.25,-0.50,0.10,-0.10,0.25,0.25,0.25,-0.75
2020-09,0.25,-0.50,0.10,-0.10,0.25,0.25,0.25,-0.75
2020-10,0.25,-0.50,0.10,-0.10,0.25,0.25,0.25,-0.75
2020-11,0.25,-0.50,0.10,-0.10,0.10,0.25,0.25,-0.75
2020-12,0.25,-0.50,0.10,-0.10,0.10,0.25,0.25,-0.75
2021-01,0.25,-0.50,0.10,-0.10,0.10,0.25,0.25,-0.75
2021-02,0.25,-0.50,0.10,-0.10,0.10,0.25,0.25,-0.75
2021-03,0.25,-0.50,0.10,-0.10,0.10,0.25,0.25,-0.75
2021-04,0.25,-0.50,0.10,-0.10,0.10,0.25,0.25,-0.75
2021-05,0.25,-0.50,0.10,-0.10,0.10,0.25,0.25,-0.75
2021-06,0.25,-0.50,0.10,-0.10,0.10,0.25,0.25,-0.75
2021-07,0.25,-0.50,0.10,-0.10,0.10,0.25,0.25,-0.75
2021-08,0.25,-0.50,0.10,-0.10,0.10,0.25,0.25,-0.75
2021-09,0.25,-0.50,0.10,-0.10,0.10,0.25,0.25,-0.75
2021-10,0.25,-0.50,0.10,-0.10,0.10,0.50,0.25,-0.75
2021-11,0.25,-0.50,0.10,-0.10,0.10,0.75,0.25,-0.75
2021-12,0.25,-0.50,0.25,-0.10,0.10,0.75,0.25,-0.75
2022-01,0.25,-0.50,0.25,-0.10,0.10,0.75,0.25,-0.75
2022-02,0.25,-0.50,0.50,-0.10,0.10,1.00,0.25,-0.75
2022-03,0.50,-0.50,0.75,-0.10,0.10,1.00,0.50,-0.75
2022-04,0.50,-0.50,0.75,-0.10,0.10,1.50,1.00,-0.75
2022-05,1.00,-0.50,1.00,-0.10,0.35,2.00,1.00,-0.75
2022-06,1.75,-0.50,1.25,-0.10,0.85,2.00,1.50,-0.25
2022-07,2.50,0.00,1.25,-0.10,1.35,2.50,2.50,-0.25
2022-08,2.50,0.00,1.75,-0.10,1.85,3.00,2.50,-0.25
2022-09,3.25,0.75,2.25,-0.10,2.35,3.00,3.25,0.50
2022-10,3.25,1.50,2.25,-0.10,2.60,3.50,3.75,0.50
2022-11,4.00,1.50,3.00,-0.10,2.85,4.25,3.75,0.50
2022-12,4.50,2.00,3.50,-0.10,3.10,4.25,4.25,1.00
2023-01,4.50,2.00,3.50,-0.10,3.10,4.25,4.50,1.00
2023-02,4.75,2.50,4.00,-0.10,3.35,4.75,4.50,1.00
2023-03,5.00,3.00,4.25,-0.10,3.60,4.75,4.50,1.50
2023-04,5.00,3.00,4.25,-0.10,3.60,5.25,4.50,1.50
2023-05,5.25,3.25,4.50,-0.10,3.85,5.50,4.50,1.50
2023-06,5.25,3.50,5.00,-0.10,4.10,5.50,4.75,1.75
2023-07,5.50,3.75,5.00,-0.10,4.10,5.50,5.00,1.75
2023-08,5.50,3.75,5.25,-0.10,4.10,5.50,5.00,1.75
2023-09,5.50,4.00,5.25,-0.10,4.10,5.50,5.00,1.75
2023-10,5.50,4.00,5.25,-0.10,4.10,5.50,5.00,1.75
2023-11,5.50,4.00,5.25,-0.10,4.35,5.50,5.00,1.75
2023-12,5.50,4.00,5.25,-0.10,4.35,5.50,5.00,1.75
2024-01,5.50,4.00,5.25,-0.10,4.35,5.50,5.00,1.75
2024-02,5.50,4.00,5.25,-0.10,4.35,5.50,5.00,1.75
2024-03,5.50,4.00,5.25,0.10,4.35,5.50,5.00,1.50
2024-04,5.50,4.00,5.25,0.10,4.35,5.50,5.00,1.50
2024-05,5.50,4.00,5.25,0.10,4.35,5.50,5.00,1.50
2024-06,5.50,3.75,5.25,0.10,4.35,5.50,4.75,1.25
2024-07,5.50,3.75,5.25,0.25,4.35,5.50,4.50,1.25
2024-08,5.50,3.75,5.00,0.25,4.35,5.25,4.50,1.25
2024-09,5.00,3.50,5.00,0.25,4.35,5.25,4.25,1.00
2024-10,5.00,3.25,5.00,0.25,4.35,4.75,3.75,1.00
2024-11,4.75,3.25,4.75,0.25,4.35,4.25,3.75,1.00
2024-12,4.50,3.00,4.75,0.25,4.35,4.25,3.25,0.50
2025-01,4.50,2.75,4.75,0.50,4.35,4.25,3.00,0.50
2025-02,4.50,2.75,4.50,0.50,4.10,3.75,3.00,0.50
2025-03,4.50,2.50,4.50,0.50,4.10,3.75,2.75,0.25
2025-04,4.50,2.25,4.50,0.50,4.10,3.50,2.75,0.25
2025-05,4.50,2.25,4.25,0.50,3.85,3.25,2.75,0.25
2025-06,4.50,2.00,4.25,0.50,3.85,3.25,2.75,0.00
2025-07,4.50,2.00,4.25,0.50,3.85,3.25,2.75,0.00
2025-08,4.50,2.00,4.00,0.50,3.60,3.00,2.75,0.00
2025-09,4.25,2.00,4.00,0.50,3.60,3.00,2.50,0.00
2025-10,4.00,2.00,4.00,0.50,3.60,2.50,2.25,0.00
2025-11,4.00,2.00,4.00,0.50,3.60,2.25,2.25,0.00
2025-12,3.75,2.00,3.75,0.75,3.60,2.25,2.25,0.00
